user_label,real_userId,method,rank,movieId,title
FICTIF_U1,414,ALS,1,6442,Belle époque (1992)
FICTIF_U1,414,ALS,2,5416,Cherish (2002)
FICTIF_U1,414,ALS,3,5328,Rain (2001)
FICTIF_U1,414,ALS,4,5075,Waydowntown (2000)
FICTIF_U1,414,ALS,5,3951,Two Family House (2000)
FICTIF_U1,414,ALS,6,177593,"Three Billboards Outside Ebbing, Missouri (2017)"
FICTIF_U1,414,ALS,7,4117,Hope and Glory (1987)
FICTIF_U1,414,ALS,8,6159,All the Real Girls (2003)
FICTIF_U1,414,ALS,9,1243,Rosencrantz and Guildenstern Are Dead (1990)
FICTIF_U1,414,ALS,10,92475,All Watched Over by Machines of Loving Grace (2011)
FICTIF_U2,599,ALS,1,170355,Mulholland Dr. (1999)
FICTIF_U2,599,ALS,2,68945,Neon Genesis Evangelion: Death & Rebirth (Shin seiki Evangelion Gekijô-ban: Shito shinsei) (1997)
FICTIF_U2,599,ALS,3,3379,On the Beach (1959)
FICTIF_U2,599,ALS,4,27156,"Neon Genesis Evangelion: The End of Evangelion (Shin seiki Evangelion Gekijô-ban: Air/Magokoro wo, kimi ni) (1997)"
FICTIF_U2,599,ALS,5,7748,Pierrot le fou (1965)
FICTIF_U2,599,ALS,6,96004,Dragon Ball Z: The History of Trunks (Doragon bôru Z: Zetsubô e no hankô!! Nokosareta chô senshi - Gohan to Torankusu) (1993)
FICTIF_U2,599,ALS,7,1178,Paths of Glory (1957)
FICTIF_U2,599,ALS,8,3030,Yojimbo (1961)
FICTIF_U2,599,ALS,9,8477,"Jetée, La (1962)"
FICTIF_U2,599,ALS,10,951,His Girl Friday (1940)
FICTIF_U3,474,ALS,1,6201,Lady Jane (1986)
FICTIF_U3,474,ALS,2,4495,Crossing Delancey (1988)
FICTIF_U3,474,ALS,3,2295,"Impostors, The (1998)"
FICTIF_U3,474,ALS,4,5034,"Truly, Madly, Deeply (1991)"
FICTIF_U3,474,ALS,5,8235,Safety Last! (1923)
FICTIF_U3,474,ALS,6,6791,Babette's Feast (Babettes gæstebud) (1987)
FICTIF_U3,474,ALS,7,906,Gaslight (1944)
FICTIF_U3,474,ALS,8,7121,Adam's Rib (1949)
FICTIF_U3,474,ALS,9,1177,Enchanted April (1992)
FICTIF_U3,474,ALS,10,905,It Happened One Night (1934)
FICTIF_U4,448,ALS,1,5490,The Big Bus (1976)
FICTIF_U4,448,ALS,2,5915,Victory (a.k.a. Escape to Victory) (1981)
FICTIF_U4,448,ALS,3,8542,"Day at the Races, A (1937)"
FICTIF_U4,448,ALS,4,3030,Yojimbo (1961)
FICTIF_U4,448,ALS,5,7132,"Night at the Opera, A (1935)"
FICTIF_U4,448,ALS,6,6375,Gigantic (A Tale of Two Johns) (2002)
FICTIF_U4,448,ALS,7,3494,True Grit (1969)
FICTIF_U4,448,ALS,8,5522,Rollerball (1975)
FICTIF_U4,448,ALS,9,1209,Once Upon a Time in the West (C'era una volta il West) (1968)
FICTIF_U4,448,ALS,10,1250,"Bridge on the River Kwai, The (1957)"
FICTIF_U5,274,ALS,1,117531,Watermark (2014)
FICTIF_U5,274,ALS,2,86237,Connections (1978)
FICTIF_U5,274,ALS,3,84273,Zeitgeist: Moving Forward (2011)
FICTIF_U5,274,ALS,4,74226,"Dream of Light (a.k.a. Quince Tree Sun, The) (Sol del membrillo, El) (1992)"
FICTIF_U5,274,ALS,5,7071,"Woman Under the Influence, A (1974)"
FICTIF_U5,274,ALS,6,4708,Marat/Sade (1966)
FICTIF_U5,274,ALS,7,6818,Come and See (Idi i smotri) (1985)
FICTIF_U5,274,ALS,8,3819,Tampopo (1985)
FICTIF_U5,274,ALS,9,2846,"Adventures of Milo and Otis, The (Koneko monogatari) (1986)"
FICTIF_U5,274,ALS,10,167746,The Lego Batman Movie (2017)
FICTIF_U1,414,Content-TFIDF,1,4956,"Stunt Man, The (1980)"
FICTIF_U1,414,Content-TFIDF,2,133545,Just Before I Go (2014)
FICTIF_U1,414,Content-TFIDF,3,47491,Adam's Apples (Adams æbler) (2005)
FICTIF_U1,414,Content-TFIDF,4,528,"Scout, The (1994)"
FICTIF_U1,414,Content-TFIDF,5,141810,Autumn Marathon (1979)
FICTIF_U1,414,Content-TFIDF,6,142372,Our Brand Is Crisis (2015)
FICTIF_U1,414,Content-TFIDF,7,133281,Ricki and the Flash (2015)
FICTIF_U1,414,Content-TFIDF,8,96,In the Bleak Midwinter (1995)
FICTIF_U1,414,Content-TFIDF,9,193571,Silver Spoon (2014)
FICTIF_U1,414,Content-TFIDF,10,148424,Chi-Raq (2015)
FICTIF_U2,599,Content-TFIDF,1,4956,"Stunt Man, The (1980)"
FICTIF_U2,599,Content-TFIDF,2,7007,"Last Boy Scout, The (1991)"
FICTIF_U2,599,Content-TFIDF,3,6990,The Great Train Robbery (1978)
FICTIF_U2,599,Content-TFIDF,4,5657,Flashback (1990)
FICTIF_U2,599,Content-TFIDF,5,42015,Casanova (2005)
FICTIF_U2,599,Content-TFIDF,6,26840,Sonatine (Sonachine) (1993)
FICTIF_U2,599,Content-TFIDF,7,1473,Best Men (1997)
FICTIF_U2,599,Content-TFIDF,8,3716,Fatal Beauty (1987)
FICTIF_U2,599,Content-TFIDF,9,8370,"Blind Swordsman: Zatoichi, The (Zatôichi) (2003)"
FICTIF_U2,599,Content-TFIDF,10,32460,Knockin' on Heaven's Door (1997)
FICTIF_U3,474,Content-TFIDF,1,4,Waiting to Exhale (1995)
FICTIF_U3,474,Content-TFIDF,2,58,"Postman, The (Postino, Il) (1994)"
FICTIF_U3,474,Content-TFIDF,3,26745,Other People's Money (1991)
FICTIF_U3,474,Content-TFIDF,4,184349,Elsa & Fred (2005)
FICTIF_U3,474,Content-TFIDF,5,1175,Delicatessen (1991)
FICTIF_U3,474,Content-TFIDF,6,1457,Fools Rush In (1997)
FICTIF_U3,474,Content-TFIDF,7,1542,Brassed Off (1996)
FICTIF_U3,474,Content-TFIDF,8,32009,Tyler Perry's Diary of a Mad Black Woman (2005)
FICTIF_U3,474,Content-TFIDF,9,8948,Alfie (2004)
FICTIF_U3,474,Content-TFIDF,10,25795,Dinner at Eight (1933)
FICTIF_U4,448,Content-TFIDF,1,55116,"Hunting Party, The (2007)"
FICTIF_U4,448,Content-TFIDF,2,4956,"Stunt Man, The (1980)"
FICTIF_U4,448,Content-TFIDF,3,5628,Wasabi (2001)
FICTIF_U4,448,Content-TFIDF,4,70728,Bronson (2009)
FICTIF_U4,448,Content-TFIDF,5,59947,"Protector, The (1985)"
FICTIF_U4,448,Content-TFIDF,6,6990,The Great Train Robbery (1978)
FICTIF_U4,448,Content-TFIDF,7,5657,Flashback (1990)
FICTIF_U4,448,Content-TFIDF,8,4818,Extreme Days (2001)
FICTIF_U4,448,Content-TFIDF,9,33672,Lords of Dogtown (2005)
FICTIF_U4,448,Content-TFIDF,10,27695,Nicotina (2003)
FICTIF_U5,274,Content-TFIDF,1,51545,Pusher III: I'm the Angel of Death (2005)
FICTIF_U5,274,Content-TFIDF,2,55116,"Hunting Party, The (2007)"
FICTIF_U5,274,Content-TFIDF,3,5027,Another 48 Hrs. (1990)
FICTIF_U5,274,Content-TFIDF,4,5628,Wasabi (2001)
FICTIF_U5,274,Content-TFIDF,5,7007,"Last Boy Scout, The (1991)"
FICTIF_U5,274,Content-TFIDF,6,1432,Metro (1997)
FICTIF_U5,274,Content-TFIDF,7,59947,"Protector, The (1985)"
FICTIF_U5,274,Content-TFIDF,8,70728,Bronson (2009)
FICTIF_U5,274,Content-TFIDF,9,4956,"Stunt Man, The (1980)"
FICTIF_U5,274,Content-TFIDF,10,80219,Machete (2010)
FICTIF_U1,414,UserKNN,1,1177,Enchanted April (1992)
FICTIF_U1,414,UserKNN,2,3549,Guys and Dolls (1955)
FICTIF_U1,414,UserKNN,3,5034,"Truly, Madly, Deeply (1991)"
FICTIF_U1,414,UserKNN,4,4495,Crossing Delancey (1988)
FICTIF_U1,414,UserKNN,5,7121,Adam's Rib (1949)
FICTIF_U1,414,UserKNN,6,6201,Lady Jane (1986)
FICTIF_U1,414,UserKNN,7,8235,Safety Last! (1923)
FICTIF_U1,414,UserKNN,8,3925,Stranger Than Paradise (1984)
FICTIF_U1,414,UserKNN,9,2843,"Black Cat, White Cat (Crna macka, beli macor) (1998)"
FICTIF_U1,414,UserKNN,10,6192,Open Hearts (Elsker dig for evigt) (2002)
FICTIF_U2,599,UserKNN,1,3925,Stranger Than Paradise (1984)
FICTIF_U2,599,UserKNN,2,417,Barcelona (1994)
FICTIF_U2,599,UserKNN,3,1277,Cyrano de Bergerac (1990)
FICTIF_U2,599,UserKNN,4,290,Once Were Warriors (1994)
FICTIF_U2,599,UserKNN,5,94,Beautiful Girls (1996)
FICTIF_U2,599,UserKNN,6,4117,Hope and Glory (1987)
FICTIF_U2,599,UserKNN,7,3951,Two Family House (2000)
FICTIF_U2,599,UserKNN,8,5075,Waydowntown (2000)
FICTIF_U2,599,UserKNN,9,5292,Slap Shot (1977)
FICTIF_U2,599,UserKNN,10,5485,Tadpole (2002)
FICTIF_U3,474,UserKNN,1,54001,Harry Potter and the Order of the Phoenix (2007)
FICTIF_U3,474,UserKNN,2,88125,Harry Potter and the Deathly Hallows: Part 2 (2011)
FICTIF_U3,474,UserKNN,3,290,Once Were Warriors (1994)
FICTIF_U3,474,UserKNN,4,94,Beautiful Girls (1996)
FICTIF_U3,474,UserKNN,5,4117,Hope and Glory (1987)
FICTIF_U3,474,UserKNN,6,3951,Two Family House (2000)
FICTIF_U3,474,UserKNN,7,5075,Waydowntown (2000)
FICTIF_U3,474,UserKNN,8,5292,Slap Shot (1977)
FICTIF_U3,474,UserKNN,9,5485,Tadpole (2002)
FICTIF_U3,474,UserKNN,10,5137,Scratch (2001)
FICTIF_U4,448,UserKNN,1,1217,Ran (1985)
FICTIF_U4,448,UserKNN,2,3429,Creature Comforts (1989)
FICTIF_U4,448,UserKNN,3,951,His Girl Friday (1940)
FICTIF_U4,448,UserKNN,4,3606,On the Town (1949)
FICTIF_U4,448,UserKNN,5,417,Barcelona (1994)
FICTIF_U4,448,UserKNN,6,1277,Cyrano de Bergerac (1990)
FICTIF_U4,448,UserKNN,7,290,Once Were Warriors (1994)
FICTIF_U4,448,UserKNN,8,3296,To Sir with Love (1967)
FICTIF_U4,448,UserKNN,9,2261,One Crazy Summer (1986)
FICTIF_U4,448,UserKNN,10,3385,Volunteers (1985)
FICTIF_U5,274,UserKNN,1,5971,My Neighbor Totoro (Tonari no Totoro) (1988)
FICTIF_U5,274,UserKNN,2,3429,Creature Comforts (1989)
FICTIF_U5,274,UserKNN,3,1217,Ran (1985)
FICTIF_U5,274,UserKNN,4,122904,Deadpool (2016)
FICTIF_U5,274,UserKNN,5,134853,Inside Out (2015)
FICTIF_U5,274,UserKNN,6,119145,Kingsman: The Secret Service (2015)
FICTIF_U5,274,UserKNN,7,82744,Faster (2010)
FICTIF_U5,274,UserKNN,8,147376,Doctor Who: A Christmas Carol (2010)
FICTIF_U5,274,UserKNN,9,102084,Justice League: Doom (2012) 
FICTIF_U5,274,UserKNN,10,95149,Superman/Batman: Public Enemies (2009)
FICTIF_U1,414,Hybrid-Weighted,1,1177,Enchanted April (1992)
FICTIF_U1,414,Hybrid-Weighted,2,3549,Guys and Dolls (1955)
FICTIF_U1,414,Hybrid-Weighted,3,5034,"Truly, Madly, Deeply (1991)"
FICTIF_U1,414,Hybrid-Weighted,4,4495,Crossing Delancey (1988)
FICTIF_U1,414,Hybrid-Weighted,5,7121,Adam's Rib (1949)
FICTIF_U1,414,Hybrid-Weighted,6,6201,Lady Jane (1986)
FICTIF_U1,414,Hybrid-Weighted,7,8235,Safety Last! (1923)
FICTIF_U1,414,Hybrid-Weighted,8,3925,Stranger Than Paradise (1984)
FICTIF_U1,414,Hybrid-Weighted,9,2843,"Black Cat, White Cat (Crna macka, beli macor) (1998)"
FICTIF_U1,414,Hybrid-Weighted,10,6192,Open Hearts (Elsker dig for evigt) (2002)
FICTIF_U2,599,Hybrid-Weighted,1,3925,Stranger Than Paradise (1984)
FICTIF_U2,599,Hybrid-Weighted,2,417,Barcelona (1994)
FICTIF_U2,599,Hybrid-Weighted,3,1277,Cyrano de Bergerac (1990)
FICTIF_U2,599,Hybrid-Weighted,4,290,Once Were Warriors (1994)
FICTIF_U2,599,Hybrid-Weighted,5,94,Beautiful Girls (1996)
FICTIF_U2,599,Hybrid-Weighted,6,4117,Hope and Glory (1987)
FICTIF_U2,599,Hybrid-Weighted,7,3951,Two Family House (2000)
FICTIF_U2,599,Hybrid-Weighted,8,5075,Waydowntown (2000)
FICTIF_U2,599,Hybrid-Weighted,9,5292,Slap Shot (1977)
FICTIF_U2,599,Hybrid-Weighted,10,5485,Tadpole (2002)
FICTIF_U3,474,Hybrid-Weighted,1,54001,Harry Potter and the Order of the Phoenix (2007)
FICTIF_U3,474,Hybrid-Weighted,2,88125,Harry Potter and the Deathly Hallows: Part 2 (2011)
FICTIF_U3,474,Hybrid-Weighted,3,290,Once Were Warriors (1994)
FICTIF_U3,474,Hybrid-Weighted,4,94,Beautiful Girls (1996)
FICTIF_U3,474,Hybrid-Weighted,5,4117,Hope and Glory (1987)
FICTIF_U3,474,Hybrid-Weighted,6,3951,Two Family House (2000)
FICTIF_U3,474,Hybrid-Weighted,7,5075,Waydowntown (2000)
FICTIF_U3,474,Hybrid-Weighted,8,5292,Slap Shot (1977)
FICTIF_U3,474,Hybrid-Weighted,9,5485,Tadpole (2002)
FICTIF_U3,474,Hybrid-Weighted,10,5137,Scratch (2001)
FICTIF_U4,448,Hybrid-Weighted,1,1217,Ran (1985)
FICTIF_U4,448,Hybrid-Weighted,2,3429,Creature Comforts (1989)
FICTIF_U4,448,Hybrid-Weighted,3,951,His Girl Friday (1940)
FICTIF_U4,448,Hybrid-Weighted,4,3606,On the Town (1949)
FICTIF_U4,448,Hybrid-Weighted,5,417,Barcelona (1994)
FICTIF_U4,448,Hybrid-Weighted,6,1277,Cyrano de Bergerac (1990)
FICTIF_U4,448,Hybrid-Weighted,7,290,Once Were Warriors (1994)
FICTIF_U4,448,Hybrid-Weighted,8,3296,To Sir with Love (1967)
FICTIF_U4,448,Hybrid-Weighted,9,2261,One Crazy Summer (1986)
FICTIF_U4,448,Hybrid-Weighted,10,3385,Volunteers (1985)
FICTIF_U5,274,Hybrid-Weighted,1,5971,My Neighbor Totoro (Tonari no Totoro) (1988)
FICTIF_U5,274,Hybrid-Weighted,2,3429,Creature Comforts (1989)
FICTIF_U5,274,Hybrid-Weighted,3,1217,Ran (1985)
FICTIF_U5,274,Hybrid-Weighted,4,122904,Deadpool (2016)
FICTIF_U5,274,Hybrid-Weighted,5,134853,Inside Out (2015)
FICTIF_U5,274,Hybrid-Weighted,6,119145,Kingsman: The Secret Service (2015)
FICTIF_U5,274,Hybrid-Weighted,7,82744,Faster (2010)
FICTIF_U5,274,Hybrid-Weighted,8,147376,Doctor Who: A Christmas Carol (2010)
FICTIF_U5,274,Hybrid-Weighted,9,102084,Justice League: Doom (2012) 
FICTIF_U5,274,Hybrid-Weighted,10,95149,Superman/Batman: Public Enemies (2009)
